Start,Finish,Active Calories (kcal),Distance (mi),Heart Rate (count/min),Steps (count)
29-Sep-2014 00:00,30-Sep-2014 00:00,0.0,5.75685069500662,0.0,12320.0
30-Sep-2014 00:00,01-Oct-2014 00:00,0.0,4.45025795440863,0.0,9437.0
01-Oct-2014 00:00,02-Oct-2014 00:00,0.0,4.91453612068447,0.0,10532.0
02-Oct-2014 00:00,03-Oct-2014 00:00,0.0,4.84611664746188,0.0,10589.0
03-Oct-2014 00:00,04-Oct-2014 00:00,0.0,2.10380168873813,0.0,4754.0
04-Oct-2014 00:00,05-Oct-2014 00:00,0.0,2.33137442178775,0.0,5339.0
05-Oct-2014 00:00,06-Oct-2014 00:00,0.0,0.946953968491391,0.0,2188.0
06-Oct-2014 00:00,07-Oct-2014 00:00,0.0,2.8451109193997,0.0,6528.0
07-Oct-2014 00:00,08-Oct-2014 00:00,0.0,3.14962513444368,0.0,6924.0
08-Oct-2014 00:00,09-Oct-2014 00:00,0.0,0.552849872340477,0.0,1214.0
09-Oct-2014 00:00,10-Oct-2014 00:00,0.0,0.356743570653709,0.0,828.0
10-Oct-2014 00:00,11-Oct-2014 00:00,0.0,0.66470464827416,0.0,1504.0
11-Oct-2014 00:00,12-Oct-2014 00:00,0.0,0.512868519712742,0.0,1052.0
12-Oct-2014 00:00,13-Oct-2014 00:00,0.0,1.16057517067364,0.0,2653.0
13-Oct-2014 00:00,14-Oct-2014 00:00,0.0,0.976274339091292,0.0,2214.0
14-Oct-2014 00:00,15-Oct-2014 00:00,0.0,4.02717330005966,0.0,8753.0
15-Oct-2014 00:00,16-Oct-2014 00:00,0.0,6.60971935604219,0.0,14487.0
16-Oct-2014 00:00,17-Oct-2014 00:00,0.0,2.54682769809874,0.0,5420.0
17-Oct-2014 00:00,18-Oct-2014 00:00,0.0,3.59851649950845,0.0,7828.0
18-Oct-2014 00:00,19-Oct-2014 00:00,0.0,2.48509466429987,0.0,5903.0
19-Oct-2014 00:00,20-Oct-2014 00:00,0.0,1.1874228722684,0.0,2737.0
20-Oct-2014 00:00,21-Oct-2014 00:00,0.0,3.0076175448772,0.0,6472.0
21-Oct-2014 00:00,22-Oct-2014 00:00,0.0,6.86657343031047,0.0,14564.0
22-Oct-2014 00:00,23-Oct-2014 00:00,0.0,5.39596296757141,0.0,11424.0
23-Oct-2014 00:00,24-Oct-2014 00:00,0.0,3.95137552959959,0.0,8439.0
24-Oct-2014 00:00,25-Oct-2014 00:00,0.0,2.96489944114078,0.0,6558.0
25-Oct-2014 00:00,26-Oct-2014 00:00,0.0,5.76737672397873,0.0,13188.0
26-Oct-2014 00:00,27-Oct-2014 00:00,0.0,2.24504169169042,0.0,5304.0
27-Oct-2014 00:00,28-Oct-2014 00:00,0.0,3.6961989638977,0.0,8891.0
28-Oct-2014 00:00,29-Oct-2014 00:00,0.0,0.887510687890473,0.0,1975.0
29-Oct-2014 00:00,30-Oct-2014 00:00,0.0,2.28368903820012,0.0,5212.0
30-Oct-2014 00:00,31-Oct-2014 00:00,0.0,1.85552467384032,0.0,4117.0
31-Oct-2014 00:00,01-Nov-2014 00:00,0.0,1.87410561475097,0.0,4240.0
01-Nov-2014 00:00,02-Nov-2014 00:00,0.0,2.11523220133369,0.0,4918.0
02-Nov-2014 00:00,03-Nov-2014 00:00,0.0,2.37415214038962,0.0,5322.0
03-Nov-2014 00:00,04-Nov-2014 00:00,0.0,2.98956088788233,0.0,6841.0
04-Nov-2014 00:00,05-Nov-2014 00:00,0.0,4.9451317605332,0.0,10631.0
05-Nov-2014 00:00,06-Nov-2014 00:00,0.0,5.39709891355611,0.0,11128.0
06-Nov-2014 00:00,07-Nov-2014 00:00,0.0,4.66762699850957,0.0,9918.0
07-Nov-2014 00:00,08-Nov-2014 00:00,0.0,3.0681693920573,0.0,6662.0
08-Nov-2014 00:00,09-Nov-2014 00:00,0.0,1.79889678771095,0.0,4106.0
09-Nov-2014 00:00,10-Nov-2014 00:00,0.0,1.678793892036,0.0,3957.0
10-Nov-2014 00:00,11-Nov-2014 00:00,0.0,4.43174089959277,0.0,9241.0
11-Nov-2014 00:00,12-Nov-2014 00:00,0.0,3.25887364894424,0.0,6857.0
12-Nov-2014 00:00,13-Nov-2014 00:00,0.0,4.5298942470865,0.0,9518.0
13-Nov-2014 00:00,14-Nov-2014 00:00,0.0,4.90480826708933,0.0,10541.0
14-Nov-2014 00:00,15-Nov-2014 00:00,0.0,2.62828674489767,0.0,5755.0
15-Nov-2014 00:00,16-Nov-2014 00:00,0.0,3.32406092286006,0.0,7378.0
16-Nov-2014 00:00,17-Nov-2014 00:00,0.0,1.98836063100768,0.0,4581.0
17-Nov-2014 00:00,18-Nov-2014 00:00,0.0,1.46036133420432,0.0,3205.0
18-Nov-2014 00:00,19-Nov-2014 00:00,0.0,1.72508410318999,0.0,3727.0
19-Nov-2014 00:00,20-Nov-2014 00:00,0.0,1.89468737027502,0.0,4251.0
20-Nov-2014 00:00,21-Nov-2014 00:00,0.0,5.09657817347433,0.0,11115.0
21-Nov-2014 00:00,22-Nov-2014 00:00,0.0,1.37757449731358,0.0,3145.0
22-Nov-2014 00:00,23-Nov-2014 00:00,0.0,0.811890590370214,0.0,1877.0
23-Nov-2014 00:00,24-Nov-2014 00:00,0.0,0.26865527214661,0.0,564.0
24-Nov-2014 00:00,25-Nov-2014 00:00,0.0,0.987674170998501,0.0,2324.0
25-Nov-2014 00:00,26-Nov-2014 00:00,0.0,0.47129995247886,0.0,1120.0
26-Nov-2014 00:00,27-Nov-2014 00:00,0.0,2.32761609873569,0.0,5318.0
27-Nov-2014 00:00,28-Nov-2014 00:00,0.0,1.44734360825616,0.0,3199.0
28-Nov-2014 00:00,29-Nov-2014 00:00,0.0,2.95795989196096,0.0,6767.0
29-Nov-2014 00:00,30-Nov-2014 00:00,0.0,3.29356790945143,0.0,7144.0
30-Nov-2014 00:00,01-Dec-2014 00:00,0.0,1.55701795305569,0.0,3672.0
01-Dec-2014 00:00,02-Dec-2014 00:00,0.0,4.82133170907263,0.0,10497.0
02-Dec-2014 00:00,03-Dec-2014 00:00,0.0,0.079188321551151,0.0,181.0
03-Dec-2014 00:00,04-Dec-2014 00:00,0.0,3.82033300847079,0.0,8049.0
04-Dec-2014 00:00,05-Dec-2014 00:00,0.0,3.12641983367023,0.0,6926.0
05-Dec-2014 00:00,06-Dec-2014 00:00,0.0,1.59072811818341,0.0,3784.0
06-Dec-2014 00:00,07-Dec-2014 00:00,0.0,1.75530138557598,0.0,3966.0
07-Dec-2014 00:00,08-Dec-2014 00:00,0.0,0.780335807868001,0.0,1781.0
08-Dec-2014 00:00,09-Dec-2014 00:00,0.0,3.97547541159724,0.0,8443.0
09-Dec-2014 00:00,10-Dec-2014 00:00,0.0,4.73914604427545,0.0,9858.0
10-Dec-2014 00:00,11-Dec-2014 00:00,0.0,4.77094549411263,0.0,10482.0
11-Dec-2014 00:00,12-Dec-2014 00:00,0.0,2.73632455387821,0.0,5869.0
12-Dec-2014 00:00,13-Dec-2014 00:00,0.0,5.51465457656332,0.0,12601.0
13-Dec-2014 00:00,14-Dec-2014 00:00,0.0,1.51085085079053,0.0,3276.0
14-Dec-2014 00:00,15-Dec-2014 00:00,0.0,0.549736414626145,0.0,1179.0
15-Dec-2014 00:00,16-Dec-2014 00:00,0.0,4.85608965851972,0.0,10771.0
16-Dec-2014 00:00,17-Dec-2014 00:00,0.0,2.64658535045459,0.0,5705.0
17-Dec-2014 00:00,18-Dec-2014 00:00,0.0,5.2286366430208,0.0,11934.0
18-Dec-2014 00:00,19-Dec-2014 00:00,0.0,4.48309529125282,0.0,9800.0
19-Dec-2014 00:00,20-Dec-2014 00:00,0.0,0.765279208076094,0.0,1807.0
20-Dec-2014 00:00,21-Dec-2014 00:00,0.0,0.588779497406004,0.0,1401.0
21-Dec-2014 00:00,22-Dec-2014 00:00,0.0,2.29549431640742,0.0,5429.0
22-Dec-2014 00:00,23-Dec-2014 00:00,0.0,5.37066112583799,0.0,11564.0
23-Dec-2014 00:00,24-Dec-2014 00:00,0.0,0.46531692471669,0.0,1076.0
24-Dec-2014 00:00,25-Dec-2014 00:00,0.0,1.8671909197587,0.0,4303.0
25-Dec-2014 00:00,26-Dec-2014 00:00,0.0,1.12156024587587,0.0,2576.0
26-Dec-2014 00:00,27-Dec-2014 00:00,0.0,4.9510973116222,0.0,11373.0
27-Dec-2014 00:00,28-Dec-2014 00:00,0.0,5.96272612376328,0.0,12890.0
28-Dec-2014 00:00,29-Dec-2014 00:00,0.0,1.91434444771569,0.0,4502.0
29-Dec-2014 00:00,30-Dec-2014 00:00,0.0,7.60951823602517,0.0,16611.0
30-Dec-2014 00:00,31-Dec-2014 00:00,0.0,3.74607992565242,0.0,8034.0
31-Dec-2014 00:00,01-Jan-2015 00:00,0.0,1.18562749974053,0.0,2714.0
01-Jan-2015 00:00,02-Jan-2015 00:00,0.0,0.690077759615995,0.0,1619.0
02-Jan-2015 00:00,03-Jan-2015 00:00,0.0,0.47473458197588,0.0,1060.0
03-Jan-2015 00:00,04-Jan-2015 00:00,0.0,1.87149546897304,0.0,4282.0
04-Jan-2015 00:00,05-Jan-2015 00:00,0.0,0.390197031038784,0.0,880.0
05-Jan-2015 00:00,06-Jan-2015 00:00,0.0,1.67401904382715,0.0,3696.0
06-Jan-2015 00:00,07-Jan-2015 00:00,0.0,4.43963425801431,0.0,9812.0
07-Jan-2015 00:00,08-Jan-2015 00:00,0.0,3.7251552541551,0.0,8251.0
08-Jan-2015 00:00,09-Jan-2015 00:00,0.0,4.001051054419,0.0,8855.0
09-Jan-2015 00:00,10-Jan-2015 00:00,0.0,1.16601469358599,0.0,2662.0
10-Jan-2015 00:00,11-Jan-2015 00:00,0.0,3.64480807709553,0.0,8468.0
11-Jan-2015 00:00,12-Jan-2015 00:00,0.0,1.5934955517433,0.0,3703.0
12-Jan-2015 00:00,13-Jan-2015 00:00,0.0,1.43358878181907,0.0,3326.0
13-Jan-2015 00:00,14-Jan-2015 00:00,0.0,0.64257626239015,0.0,1479.0
14-Jan-2015 00:00,15-Jan-2015 00:00,0.0,0.19803643641061,0.0,451.0
15-Jan-2015 00:00,16-Jan-2015 00:00,0.0,4.68278535588483,0.0,10187.0
16-Jan-2015 00:00,17-Jan-2015 00:00,0.0,3.35763672031637,0.0,7537.0
17-Jan-2015 00:00,18-Jan-2015 00:00,0.0,3.9195457965071,0.0,8656.0
18-Jan-2015 00:00,19-Jan-2015 00:00,0.0,2.11439412882897,0.0,4739.0
19-Jan-2015 00:00,20-Jan-2015 00:00,0.0,4.07914187906204,0.0,9118.0
20-Jan-2015 00:00,21-Jan-2015 00:00,0.0,4.20976964044228,0.0,9533.0
21-Jan-2015 00:00,22-Jan-2015 00:00,0.0,2.24629259107344,0.0,5034.0
22-Jan-2015 00:00,23-Jan-2015 00:00,0.0,1.04327757311877,0.0,2380.0
23-Jan-2015 00:00,24-Jan-2015 00:00,0.0,0.537914828280289,0.0,1250.0
24-Jan-2015 00:00,25-Jan-2015 00:00,0.0,2.4454560412237,0.0,5589.0
25-Jan-2015 00:00,26-Jan-2015 00:00,497.0,4.49184575802978,0.0,10285.0
26-Jan-2015 00:00,27-Jan-2015 00:00,414.0,2.44855357909418,0.0,5582.0
27-Jan-2015 00:00,28-Jan-2015 00:00,92.0,1.10857125679,0.0,1065.0
28-Jan-2015 00:00,29-Jan-2015 00:00,20.0,0.361577450394639,0.0,830.0
29-Jan-2015 00:00,30-Jan-2015 00:00,170.0,1.22273268159757,0.0,2694.0
30-Jan-2015 00:00,31-Jan-2015 00:00,502.0,2.09091872923754,0.0,4831.0
31-Jan-2015 00:00,01-Feb-2015 00:00,530.0,2.39177423322916,0.0,5251.0
01-Feb-2015 00:00,02-Feb-2015 00:00,260.0,1.07934195872256,0.0,2469.0
02-Feb-2015 00:00,03-Feb-2015 00:00,0.0,1.09758696759001,0.0,2401.0
03-Feb-2015 00:00,04-Feb-2015 00:00,894.0,4.68447393562369,0.0,9811.0
04-Feb-2015 00:00,05-Feb-2015 00:00,1000.0,4.28755289257174,0.0,9265.0
05-Feb-2015 00:00,06-Feb-2015 00:00,78.0,0.368875455365819,0.0,831.0
06-Feb-2015 00:00,07-Feb-2015 00:00,0.0,0.112806833436763,0.0,254.0
07-Feb-2015 00:00,08-Feb-2015 00:00,296.0,1.8936458029732,0.0,4237.0
08-Feb-2015 00:00,09-Feb-2015 00:00,0.0,3.88124603609612,0.0,8279.0
09-Feb-2015 00:00,10-Feb-2015 00:00,0.0,0.320422482963274,0.0,765.0
10-Feb-2015 00:00,11-Feb-2015 00:00,0.0,0.509569428337998,0.0,1133.0
11-Feb-2015 00:00,12-Feb-2015 00:00,0.0,0.123941805234089,0.0,270.0
12-Feb-2015 00:00,13-Feb-2015 00:00,0.0,6.69200929701297,0.0,14332.0
13-Feb-2015 00:00,14-Feb-2015 00:00,0.0,4.46928221482464,0.0,9664.0
14-Feb-2015 00:00,15-Feb-2015 00:00,0.0,1.33146176401304,0.0,2994.0
15-Feb-2015 00:00,16-Feb-2015 00:00,0.0,1.77812978869235,0.0,4210.0
16-Feb-2015 00:00,17-Feb-2015 00:00,0.0,4.69597782820008,0.0,9886.0
17-Feb-2015 00:00,18-Feb-2015 00:00,0.0,6.33878194075412,0.0,14108.0
18-Feb-2015 00:00,19-Feb-2015 00:00,0.0,2.66985324036495,0.0,5547.0
19-Feb-2015 00:00,20-Feb-2015 00:00,0.0,1.03760428544013,0.0,2394.0
20-Feb-2015 00:00,21-Feb-2015 00:00,0.0,0.223889506181585,0.0,523.0
21-Feb-2015 00:00,22-Feb-2015 00:00,0.0,4.59548133790077,0.0,10127.0
22-Feb-2015 00:00,23-Feb-2015 00:00,0.0,2.91213325980002,0.0,6485.0
23-Feb-2015 00:00,24-Feb-2015 00:00,98.0,0.681672646776704,0.0,1608.0
24-Feb-2015 00:00,25-Feb-2015 00:00,298.0,2.42277355627569,0.0,5628.0
25-Feb-2015 00:00,26-Feb-2015 00:00,246.0,2.02938930237615,0.0,4751.0
26-Feb-2015 00:00,27-Feb-2015 00:00,52.0,0.357790801740034,0.0,852.0
27-Feb-2015 00:00,28-Feb-2015 00:00,0.0,0.269862313484341,0.0,612.0
28-Feb-2015 00:00,01-Mar-2015 00:00,374.0,1.789142430995,0.0,4162.0
01-Mar-2015 00:00,02-Mar-2015 00:00,218.0,1.43948029890707,0.0,3217.0
02-Mar-2015 00:00,03-Mar-2015 00:00,196.0,1.32861234020349,0.0,2948.0
03-Mar-2015 00:00,04-Mar-2015 00:00,658.0,3.68681276291877,0.0,8452.0
04-Mar-2015 00:00,05-Mar-2015 00:00,549.684848484848,3.49313101004702,0.0,7919.19310930967
05-Mar-2015 00:00,06-Mar-2015 00:00,518.315151515151,2.26416852943045,0.0,5226.80689069033
06-Mar-2015 00:00,07-Mar-2015 00:00,506.0,2.27116431186004,0.0,5649.0
07-Mar-2015 00:00,08-Mar-2015 00:00,662.0,3.78153113553604,0.0,8750.0
08-Mar-2015 00:00,09-Mar-2015 00:00,254.0,1.42973378547431,0.0,3220.0
09-Mar-2015 00:00,10-Mar-2015 00:00,338.0,1.94308286429081,0.0,4368.0
10-Mar-2015 00:00,11-Mar-2015 00:00,20.0,0.564318038133679,0.0,1298.0
11-Mar-2015 00:00,12-Mar-2015 00:00,180.0,0.926018745314008,0.0,2145.0
12-Mar-2015 00:00,13-Mar-2015 00:00,322.0,1.41130230094754,0.0,3164.0
13-Mar-2015 00:00,14-Mar-2015 00:00,1026.71523178808,4.19977113789972,0.0,9744.0
14-Mar-2015 00:00,15-Mar-2015 00:00,557.284768211921,2.88834380080158,0.0,6979.0
15-Mar-2015 00:00,16-Mar-2015 00:00,180.0,1.08858028822889,0.0,2252.0
16-Mar-2015 00:00,17-Mar-2015 00:00,318.0,1.43861901283009,0.0,3085.0
17-Mar-2015 00:00,18-Mar-2015 00:00,538.0,2.60313230479134,0.0,6300.0
18-Mar-2015 00:00,19-Mar-2015 00:00,652.0,3.37777329025183,0.0,7878.0
19-Mar-2015 00:00,20-Mar-2015 00:00,570.0,2.70224243215617,0.0,6043.0
20-Mar-2015 00:00,21-Mar-2015 00:00,223.849006622517,1.66576947298114,0.0,3630.11873290832
21-Mar-2015 00:00,22-Mar-2015 00:00,498.150993377483,2.63958581994949,0.0,6164.88126709168
22-Mar-2015 00:00,23-Mar-2015 00:00,556.0,3.22280014446144,0.0,7427.0
23-Mar-2015 00:00,24-Mar-2015 00:00,414.0,2.40494631021662,0.0,5424.0
24-Mar-2015 00:00,25-Mar-2015 00:00,254.0,1.20839609797586,0.0,2814.0
25-Mar-2015 00:00,26-Mar-2015 00:00,898.0,4.74887398454694,0.0,11883.0
26-Mar-2015 00:00,27-Mar-2015 00:00,1138.0,5.89722038654399,0.0,14406.0
27-Mar-2015 00:00,28-Mar-2015 00:00,1576.0,7.86064506188657,0.0,18842.0
28-Mar-2015 00:00,29-Mar-2015 00:00,590.0,3.65401117967214,0.0,9095.0
29-Mar-2015 00:00,30-Mar-2015 00:00,1188.0,5.33606928710175,0.0,13966.0
30-Mar-2015 00:00,31-Mar-2015 00:00,570.0,2.65919941265249,0.0,5963.0
31-Mar-2015 00:00,01-Apr-2015 00:00,782.0,3.53847543830429,0.0,7776.0
01-Apr-2015 00:00,02-Apr-2015 00:00,548.0,2.76550572406919,0.0,6430.0
02-Apr-2015 00:00,03-Apr-2015 00:00,678.0,3.58220603196813,0.0,8337.0
03-Apr-2015 00:00,04-Apr-2015 00:00,284.0,1.45796678320336,0.0,3116.0
04-Apr-2015 00:00,05-Apr-2015 00:00,418.0,2.72733737451188,0.0,6457.0
05-Apr-2015 00:00,06-Apr-2015 00:00,150.0,1.85319523293611,0.0,3712.0
06-Apr-2015 00:00,07-Apr-2015 00:00,186.0,0.629464818308664,0.0,1325.0
07-Apr-2015 00:00,08-Apr-2015 00:00,106.0,1.20710672283263,0.0,2760.59651410766
08-Apr-2015 00:00,09-Apr-2015 00:00,1062.0,5.4075948667787,0.0,11630.4034858923
09-Apr-2015 00:00,10-Apr-2015 00:00,862.0,3.68068551040661,0.0,8677.0
10-Apr-2015 00:00,11-Apr-2015 00:00,878.0,3.97820579772815,0.0,8684.0
11-Apr-2015 00:00,12-Apr-2015 00:00,326.0,2.02090950298413,0.0,3511.64978189203
12-Apr-2015 00:00,13-Apr-2015 00:00,0.0,2.09216567015066,0.0,4940.35021810797
13-Apr-2015 00:00,14-Apr-2015 00:00,0.0,2.22673472406242,0.0,5080.0
14-Apr-2015 00:00,15-Apr-2015 00:00,0.0,2.71813180260051,0.0,6128.0
15-Apr-2015 00:00,16-Apr-2015 00:00,0.0,2.24272779578667,0.0,4956.0
16-Apr-2015 00:00,17-Apr-2015 00:00,0.0,3.90572272144418,0.0,9208.0
17-Apr-2015 00:00,18-Apr-2015 00:00,0.0,2.9042290690129,0.0,6718.0
18-Apr-2015 00:00,19-Apr-2015 00:00,0.0,1.23223761804863,0.0,2774.0
19-Apr-2015 00:00,20-Apr-2015 00:00,76.8075,1.186901864865,0.0,2465.0
20-Apr-2015 00:00,21-Apr-2015 00:00,347.022833333333,2.80145518156756,0.0,6248.0
21-Apr-2015 00:00,22-Apr-2015 00:00,758.963166666667,5.58429026814127,0.0,12789.0
22-Apr-2015 00:00,23-Apr-2015 00:00,602.185333333333,4.3310057740773,0.0,10135.0
23-Apr-2015 00:00,24-Apr-2015 00:00,636.784166666667,4.44862883399233,0.0,10018.0
24-Apr-2015 00:00,25-Apr-2015 00:00,680.006833333333,4.66713723286859,0.0,10731.0
25-Apr-2015 00:00,26-Apr-2015 00:00,230.479666666667,1.68816163490747,0.0,4027.0
26-Apr-2015 00:00,27-Apr-2015 00:00,441.995,3.26834308304738,0.0,7805.0
27-Apr-2015 00:00,28-Apr-2015 00:00,130.664,1.03983659734292,0.0,2252.0
28-Apr-2015 00:00,29-Apr-2015 00:00,34.7616666666667,0.772361743772893,0.0,842.0
29-Apr-2015 00:00,30-Apr-2015 00:00,404.169,2.75523660344717,0.0,6101.0
30-Apr-2015 00:00,01-May-2015 00:00,422.276166666667,3.21845758121338,0.0,7289.0
01-May-2015 00:00,02-May-2015 00:00,193.612166666667,2.10617859246182,0.0,4619.0
02-May-2015 00:00,03-May-2015 00:00,226.006666666667,1.65665255748614,0.0,3928.0
03-May-2015 00:00,04-May-2015 00:00,286.928611111111,2.21218139183084,0.0,5395.0
04-May-2015 00:00,05-May-2015 00:00,158.881888888889,1.52610191252901,0.0,3238.17018405673
05-May-2015 00:00,06-May-2015 00:00,448.227333333333,4.24815535128121,0.0,9052.82981594327
06-May-2015 00:00,07-May-2015 00:00,192.234666666667,1.48707310169675,0.0,3381.3587617346
07-May-2015 00:00,08-May-2015 00:00,239.52862745098,1.56239778733623,0.0,3797.43936368575
08-May-2015 00:00,09-May-2015 00:00,334.529705882353,2.38173490445174,0.0,5769.20187457965
09-May-2015 00:00,10-May-2015 00:00,158.270833333333,1.12042058340338,0.0,2327.0
10-May-2015 00:00,11-May-2015 00:00,589.002166666667,4.38059216877929,0.0,9041.0
11-May-2015 00:00,12-May-2015 00:00,113.68,0.923517189781945,0.0,2286.0
12-May-2015 00:00,13-May-2015 00:00,152.938333333333,1.24813272493113,0.0,2832.0
13-May-2015 00:00,14-May-2015 00:00,137.426166666667,0.969848425048474,0.0,2113.0
14-May-2015 00:00,15-May-2015 00:00,160.557333333333,1.15832406853586,0.0,2667.0
15-May-2015 00:00,16-May-2015 00:00,211.354333333333,1.57950431491387,0.0,3503.0
16-May-2015 00:00,17-May-2015 00:00,485.126,3.22087515590679,0.0,7881.0
17-May-2015 00:00,18-May-2015 00:00,121.523166666667,0.968782420036432,0.0,2175.0
18-May-2015 00:00,19-May-2015 00:00,101.306666666667,0.696036260463878,0.0,1424.0
19-May-2015 00:00,20-May-2015 00:00,496.724,3.29961759916425,0.0,7191.0
20-May-2015 00:00,21-May-2015 00:00,467.4545,3.55951006557145,0.0,8227.0
21-May-2015 00:00,22-May-2015 00:00,140.1905,0.954426531857082,0.0,1978.0
22-May-2015 00:00,23-May-2015 00:00,76.0766666666667,0.460949219732643,0.0,1003.0
23-May-2015 00:00,24-May-2015 00:00,232.2825,1.68303741171151,0.0,3733.0
24-May-2015 00:00,25-May-2015 00:00,268.980833333333,1.73312826614601,0.0,3995.0
25-May-2015 00:00,26-May-2015 00:00,157.027666666667,0.992280198599129,0.0,2072.0
26-May-2015 00:00,27-May-2015 00:00,228.004333333333,1.49064188863495,0.0,3752.0
27-May-2015 00:00,28-May-2015 00:00,118.470833333333,0.773763033121061,0.0,1694.0
28-May-2015 00:00,29-May-2015 00:00,192.865833333333,1.24418150536694,0.0,2726.07066433857
29-May-2015 00:00,30-May-2015 00:00,168.995166666667,1.18223006337777,0.0,2879.92933566143
30-May-2015 00:00,31-May-2015 00:00,231.068833333333,1.82493759454982,0.0,3825.0
31-May-2015 00:00,01-Jun-2015 00:00,97.6991666666667,0.649906428608001,0.0,1539.0
01-Jun-2015 00:00,02-Jun-2015 00:00,127.793333333333,0.88969486256115,0.0,2076.0
02-Jun-2015 00:00,03-Jun-2015 00:00,190.162666666667,1.37023656789313,0.0,2980.0
03-Jun-2015 00:00,04-Jun-2015 00:00,129.705333333333,0.848913488930306,0.0,1829.0
04-Jun-2015 00:00,05-Jun-2015 00:00,126.029457364341,0.829431586601611,0.0,1730.0
05-Jun-2015 00:00,06-Jun-2015 00:00,482.5845,3.79814371044317,0.0,9151.0
06-Jun-2015 00:00,07-Jun-2015 00:00,783.676050957481,5.23426453428462,0.0,13117.0
07-Jun-2015 00:00,08-Jun-2015 00:00,23.3933333333333,0.335632275553016,0.0,642.0
08-Jun-2015 00:00,09-Jun-2015 00:00,395.252333333333,3.05652755495712,0.0,6849.0
09-Jun-2015 00:00,10-Jun-2015 00:00,141.049833333333,1.04627713805065,0.0,2027.0
10-Jun-2015 00:00,11-Jun-2015 00:00,303.571666666667,2.39185524080992,0.0,5099.0
11-Jun-2015 00:00,12-Jun-2015 00:00,299.109666666667,2.0925943388414,0.0,4937.0
12-Jun-2015 00:00,13-Jun-2015 00:00,465.552333333333,3.13094122560582,0.0,7303.0
13-Jun-2015 00:00,14-Jun-2015 00:00,421.169277777778,3.05219621712472,0.0,7523.20673390722
14-Jun-2015 00:00,15-Jun-2015 00:00,176.352222222222,1.17431602144686,0.0,2873.79326609278
15-Jun-2015 00:00,16-Jun-2015 00:00,83.6091666666667,0.463079445811778,0.0,1067.0
16-Jun-2015 00:00,17-Jun-2015 00:00,167.073166666667,1.20007698443365,0.0,2901.0
17-Jun-2015 00:00,18-Jun-2015 00:00,386.884833333333,2.4880386609194,0.0,5968.0
18-Jun-2015 00:00,19-Jun-2015 00:00,164.607166666667,1.10833221022735,0.0,2360.0
19-Jun-2015 00:00,20-Jun-2015 00:00,92.3708333333333,0.642894204122195,0.0,1414.0
20-Jun-2015 00:00,21-Jun-2015 00:00,35.2115,0.252137281636182,0.0,334.0
21-Jun-2015 00:00,22-Jun-2015 00:00,423.766833333333,3.34202581274622,0.0,8065.0
22-Jun-2015 00:00,23-Jun-2015 00:00,135.43,1.08635261909077,0.0,2547.0
23-Jun-2015 00:00,24-Jun-2015 00:00,206.48,1.54546947643648,0.0,3710.0
24-Jun-2015 00:00,25-Jun-2015 00:00,135.884,0.870804918142495,0.0,2089.0
25-Jun-2015 00:00,26-Jun-2015 00:00,386.439166666667,3.01724782793525,0.0,6156.11164628976
26-Jun-2015 00:00,27-Jun-2015 00:00,110.9695,0.822668174012672,0.0,1971.88835371024
27-Jun-2015 00:00,28-Jun-2015 00:00,237.316666666667,1.56386594779439,0.0,4145.0
28-Jun-2015 00:00,29-Jun-2015 00:00,92.8,0.607997031253688,0.0,1504.0
29-Jun-2015 00:00,30-Jun-2015 00:00,86.0435,0.487633005020852,0.0,1021.0
30-Jun-2015 00:00,01-Jul-2015 00:00,516.257,3.57504756968146,0.0,8180.0
01-Jul-2015 00:00,02-Jul-2015 00:00,107.603166666667,0.659573982316195,0.0,1491.0
02-Jul-2015 00:00,03-Jul-2015 00:00,272.623333333333,1.89711996489726,0.0,4713.21867782291
03-Jul-2015 00:00,04-Jul-2015 00:00,390.05,3.86611873480917,0.0,9264.78132217708
04-Jul-2015 00:00,05-Jul-2015 00:00,317.774407407407,2.11505743601466,0.0,5235.12778006756
05-Jul-2015 00:00,06-Jul-2015 00:00,277.946592592593,1.98071378504852,0.0,4922.87221993244
06-Jul-2015 00:00,07-Jul-2015 00:00,141.959333333333,0.861863487572105,0.0,2029.0
07-Jul-2015 00:00,08-Jul-2015 00:00,234.223333333333,1.54478727291513,0.0,3559.0
08-Jul-2015 00:00,09-Jul-2015 00:00,83.7133333333333,0.573337682048722,0.0,1311.0
09-Jul-2015 00:00,10-Jul-2015 00:00,380.383333333333,2.97361436515988,0.0,7353.0
10-Jul-2015 00:00,11-Jul-2015 00:00,408.086833333333,3.16151210447154,0.0,7728.0
11-Jul-2015 00:00,12-Jul-2015 00:00,328.484666666667,2.34261394878209,0.0,5530.0
12-Jul-2015 00:00,13-Jul-2015 00:00,640.7725,4.25530924248439,0.0,10893.0
13-Jul-2015 00:00,14-Jul-2015 00:00,201.784333333333,1.54947378880576,0.0,3445.0
14-Jul-2015 00:00,15-Jul-2015 00:00,90.815,0.573552057173049,0.0,1297.0
15-Jul-2015 00:00,16-Jul-2015 00:00,231.42,1.69715358281572,0.0,3775.0
16-Jul-2015 00:00,17-Jul-2015 00:00,221.473954880295,1.44862358960101,0.0,3337.0
17-Jul-2015 00:00,18-Jul-2015 00:00,851.933796558905,5.64300547281782,0.0,14149.0
18-Jul-2015 00:00,19-Jul-2015 00:00,438.562872928177,2.52129419235091,0.0,6208.0
19-Jul-2015 00:00,20-Jul-2015 00:00,612.63149907919,3.8032768447792,0.0,9953.0
20-Jul-2015 00:00,21-Jul-2015 00:00,77.0433333333333,0.438964243534752,0.0,999.0
21-Jul-2015 00:00,22-Jul-2015 00:00,62.8033333333333,0.439443993965407,0.0,994.0
22-Jul-2015 00:00,23-Jul-2015 00:00,92.1784434654919,0.596904542216707,0.0,1235.0
23-Jul-2015 00:00,24-Jul-2015 00:00,155.335833333333,0.942020353200648,0.0,2254.0
24-Jul-2015 00:00,25-Jul-2015 00:00,535.668,4.2302977699884,0.0,10080.0
25-Jul-2015 00:00,26-Jul-2015 00:00,28.71,0.241309953902374,0.0,197.0
26-Jul-2015 00:00,27-Jul-2015 00:00,112.985666666667,0.678354981879807,0.0,1378.0
27-Jul-2015 00:00,28-Jul-2015 00:00,225.901,1.75002748497918,0.0,4111.0
28-Jul-2015 00:00,29-Jul-2015 00:00,82.5533333333333,0.978638559905767,0.0,1995.0
29-Jul-2015 00:00,30-Jul-2015 00:00,70.5373333333334,0.463869073574479,0.0,1162.0
30-Jul-2015 00:00,31-Jul-2015 00:00,170.030666666667,1.00802155963746,0.0,2166.0
31-Jul-2015 00:00,01-Aug-2015 00:00,249.8845,1.87466322629859,0.0,4303.0
01-Aug-2015 00:00,02-Aug-2015 00:00,309.566327183272,2.2193458912469,0.0,5052.0
02-Aug-2015 00:00,03-Aug-2015 00:00,41.6188050314465,0.309318443906408,0.0,501.0
03-Aug-2015 00:00,04-Aug-2015 00:00,172.26,1.05781394415604,0.0,2638.0
04-Aug-2015 00:00,05-Aug-2015 00:00,80.91,0.509166751888414,0.0,1152.0
05-Aug-2015 00:00,06-Aug-2015 00:00,36.0,0.304546400143907,0.0,732.277340902885
06-Aug-2015 00:00,07-Aug-2015 00:00,44.0,1.11984445253021,0.0,2433.72265909711
07-Aug-2015 00:00,08-Aug-2015 00:00,160.0,1.17301178093766,0.0,2962.0
08-Aug-2015 00:00,09-Aug-2015 00:00,625.0,5.3838596286357,0.0,14264.0
09-Aug-2015 00:00,10-Aug-2015 00:00,102.0,0.994653930932606,0.0,2497.0
10-Aug-2015 00:00,11-Aug-2015 00:00,54.0,0.605121162444163,0.0,1361.0
11-Aug-2015 00:00,12-Aug-2015 00:00,74.0,0.675596179902472,0.0,1593.0
12-Aug-2015 00:00,13-Aug-2015 00:00,5.0,0.578970955284456,0.0,1312.0
13-Aug-2015 00:00,14-Aug-2015 00:00,0.0,1.21005003005881,0.0,3049.0
14-Aug-2015 00:00,15-Aug-2015 00:00,0.0,2.83788386483257,0.0,7429.0
15-Aug-2015 00:00,16-Aug-2015 00:00,0.0,1.40179673867576,0.0,3492.0
16-Aug-2015 00:00,17-Aug-2015 00:00,0.0,1.28301244252832,0.0,2938.0
17-Aug-2015 00:00,18-Aug-2015 00:00,0.0,1.50272159614037,0.0,3465.0
18-Aug-2015 00:00,19-Aug-2015 00:00,0.0,0.662825488695488,0.0,1572.0
19-Aug-2015 00:00,20-Aug-2015 00:00,0.0,1.46440288638326,0.0,3205.0
20-Aug-2015 00:00,21-Aug-2015 00:00,0.0,1.07508402402286,0.0,2280.0
21-Aug-2015 00:00,22-Aug-2015 00:00,0.0,5.60101441143169,0.0,14122.0
22-Aug-2015 00:00,23-Aug-2015 00:00,0.0,3.24646298461744,0.0,8318.0
23-Aug-2015 00:00,24-Aug-2015 00:00,0.0,0.485741316888544,0.0,1179.0
24-Aug-2015 00:00,25-Aug-2015 00:00,0.0,2.71721095992983,0.0,6789.50904069511
25-Aug-2015 00:00,26-Aug-2015 00:00,0.0,0.86658106459576,0.0,1954.49095930489
26-Aug-2015 00:00,27-Aug-2015 00:00,0.0,1.08232915776772,0.0,2466.0
27-Aug-2015 00:00,28-Aug-2015 00:00,0.0,1.42949312525869,0.0,3646.44808359725
28-Aug-2015 00:00,29-Aug-2015 00:00,0.0,2.26632531035509,0.0,5570.55191640274
29-Aug-2015 00:00,30-Aug-2015 00:00,0.0,1.08734632110806,0.0,2871.0
30-Aug-2015 00:00,31-Aug-2015 00:00,0.0,1.9842236618871,0.0,4643.0
31-Aug-2015 00:00,01-Sep-2015 00:00,0.0,2.43636263516089,0.0,5164.0
01-Sep-2015 00:00,02-Sep-2015 00:00,0.0,1.2521618858219,0.0,3024.0
02-Sep-2015 00:00,03-Sep-2015 00:00,0.0,2.00156804663772,0.0,4897.0
03-Sep-2015 00:00,04-Sep-2015 00:00,0.0,4.01382496844234,0.0,9918.0
04-Sep-2015 00:00,05-Sep-2015 00:00,0.0,1.84550705727765,0.0,4081.4143250103
05-Sep-2015 00:00,06-Sep-2015 00:00,0.0,4.32267554692668,0.0,10229.2004205787
06-Sep-2015 00:00,07-Sep-2015 00:00,0.0,0.790388467237346,0.0,1819.38525441101
07-Sep-2015 00:00,08-Sep-2015 00:00,0.0,4.2874666786728,0.0,10635.0
08-Sep-2015 00:00,09-Sep-2015 00:00,0.0,0.60212818984635,0.0,1402.0
09-Sep-2015 00:00,10-Sep-2015 00:00,0.0,0.978286860681311,0.0,2241.0
10-Sep-2015 00:00,11-Sep-2015 00:00,0.0,2.38146317211674,0.0,6272.0
11-Sep-2015 00:00,12-Sep-2015 00:00,0.0,1.52806091909135,0.0,3594.0
12-Sep-2015 00:00,13-Sep-2015 00:00,0.0,1.65420600543678,0.0,4041.0
13-Sep-2015 00:00,14-Sep-2015 00:00,0.0,2.71130226617812,0.0,6698.0
14-Sep-2015 00:00,15-Sep-2015 00:00,0.0,1.53281337842624,0.0,3528.0
15-Sep-2015 00:00,16-Sep-2015 00:00,0.0,1.11469534363177,0.0,2763.0
16-Sep-2015 00:00,17-Sep-2015 00:00,0.0,2.61312094845218,0.0,6197.0
17-Sep-2015 00:00,18-Sep-2015 00:00,0.0,3.34721604564436,0.0,8025.0
18-Sep-2015 00:00,19-Sep-2015 00:00,0.0,3.15042576037519,0.0,7167.0
19-Sep-2015 00:00,20-Sep-2015 00:00,0.0,2.81775617741953,0.0,6630.0
20-Sep-2015 00:00,21-Sep-2015 00:00,0.0,0.663876501984793,0.0,1343.0
21-Sep-2015 00:00,22-Sep-2015 00:00,0.0,0.743096153678248,0.0,1813.0
22-Sep-2015 00:00,23-Sep-2015 00:00,0.0,0.859965514611357,0.0,2157.0
23-Sep-2015 00:00,24-Sep-2015 00:00,0.175,0.00952239414015351,0.0,29.0
24-Sep-2015 00:00,25-Sep-2015 00:00,0.0,0.316246483999041,0.0,633.0
25-Sep-2015 00:00,26-Sep-2015 00:00,0.0,0.523441432852464,0.0,1237.0
26-Sep-2015 00:00,27-Sep-2015 00:00,0.0,0.596551826830799,0.0,1156.0
27-Sep-2015 00:00,28-Sep-2015 00:00,0.0,1.56899129374385,0.0,4150.0
28-Sep-2015 00:00,29-Sep-2015 00:00,0.0,0.789916965118066,0.0,1798.0
29-Sep-2015 00:00,30-Sep-2015 00:00,0.0,1.78029434872739,0.0,5068.0
30-Sep-2015 00:00,01-Oct-2015 00:00,60.4668232528172,1.74469442113063,99.0,3837.0
01-Oct-2015 00:00,02-Oct-2015 00:00,372.302583659443,3.32064036346422,121.0,6848.0
02-Oct-2015 00:00,03-Oct-2015 00:00,158.884562567321,1.41707419339832,126.0,2906.6764819928
03-Oct-2015 00:00,04-Oct-2015 00:00,235.333030520419,1.88054575868199,131.0,3822.0
04-Oct-2015 00:00,05-Oct-2015 00:00,423.538065011432,4.53557027932723,121.0,9582.07869974255
05-Oct-2015 00:00,06-Oct-2015 00:00,286.656934988568,3.13066801822248,124.0,6294.0
06-Oct-2015 00:00,07-Oct-2015 00:00,266.73247315765,2.41217226699555,123.0,4891.554801118
07-Oct-2015 00:00,08-Oct-2015 00:00,249.773247187013,2.58961479777226,116.0,5438.36615783366
08-Oct-2015 00:00,09-Oct-2015 00:00,141.106279655337,1.18301880070647,131.0,2368.0
09-Oct-2015 00:00,10-Oct-2015 00:00,286.580838982211,2.44607572104758,138.0,4692.13318689813
10-Oct-2015 00:00,11-Oct-2015 00:00,205.855161017789,1.27919823232324,121.0,2610.0
11-Oct-2015 00:00,12-Oct-2015 00:00,432.578366111053,4.98239085945599,124.0,9875.0
12-Oct-2015 00:00,13-Oct-2015 00:00,95.2396338889474,0.639141371933745,121.0,1288.0
13-Oct-2015 00:00,14-Oct-2015 00:00,330.943632360239,3.3927384888424,129.0,6794.0
14-Oct-2015 00:00,15-Oct-2015 00:00,73.4043676397612,0.842500571495012,119.0,1492.04408090424
15-Oct-2015 00:00,16-Oct-2015 00:00,196.47,1.02969570217843,107.0,2085.0
16-Oct-2015 00:00,17-Oct-2015 00:00,119.162095255447,0.878188748077333,116.0,1895.0
17-Oct-2015 00:00,18-Oct-2015 00:00,405.050819938315,4.24003576514379,121.0,8598.0
18-Oct-2015 00:00,19-Oct-2015 00:00,466.290735465714,4.97831737768392,113.0,10399.4121575785
19-Oct-2015 00:00,20-Oct-2015 00:00,246.166827060668,2.63579787682436,107.0,5254.6723319028
20-Oct-2015 00:00,21-Oct-2015 00:00,393.591719682575,3.2731641303656,121.0,6731.65786501966
21-Oct-2015 00:00,22-Oct-2015 00:00,566.647382484146,8.09548624267179,138.0,16585.7772504282
22-Oct-2015 00:00,23-Oct-2015 00:00,616.076420113136,6.02940389582476,132.0,15359.5648845522
23-Oct-2015 00:00,24-Oct-2015 00:00,1196.59338491814,7.56236239882238,165.0,18049.0
24-Oct-2015 00:00,25-Oct-2015 00:00,363.700615081863,2.94838711972287,97.0,7255.0
25-Oct-2015 00:00,26-Oct-2015 00:00,112.585,0.757831128745662,111.0,1786.0
26-Oct-2015 00:00,27-Oct-2015 00:00,76.913,1.04454697045497,129.0,2331.0
27-Oct-2015 00:00,28-Oct-2015 00:00,300.897924776027,2.26716994411326,131.0,5515.0
28-Oct-2015 00:00,29-Oct-2015 00:00,269.959075223973,1.35600105917019,126.0,3201.0
29-Oct-2015 00:00,30-Oct-2015 00:00,340.751975795228,1.75188548774571,129.0,4283.0
30-Oct-2015 00:00,31-Oct-2015 00:00,27.4370242047719,0.120484141605844,126.0,286.0
31-Oct-2015 00:00,01-Nov-2015 00:00,32.837,1.72008102389125,110.0,4065.0
01-Nov-2015 00:00,02-Nov-2015 00:00,96.589,0.90838499279128,126.0,2121.0
02-Nov-2015 00:00,03-Nov-2015 00:00,239.367,1.9102196467118,121.0,4409.0
03-Nov-2015 00:00,04-Nov-2015 00:00,53.821,0.52534532152271,113.0,1023.58154993684
04-Nov-2015 00:00,05-Nov-2015 00:00,92.897,0.939813052161402,126.0,2061.0
05-Nov-2015 00:00,06-Nov-2015 00:00,97.205,0.683060738288803,116.0,1498.0
06-Nov-2015 00:00,07-Nov-2015 00:00,94.718428994945,1.05475066712025,110.0,2498.0
07-Nov-2015 00:00,08-Nov-2015 00:00,203.84540994538,0.923976676473224,121.0,2162.0
08-Nov-2015 00:00,09-Nov-2015 00:00,213.361161059675,1.63435390318305,124.0,3771.89985208346
09-Nov-2015 00:00,10-Nov-2015 00:00,249.944997945924,2.1663635302462,124.0,5140.0
10-Nov-2015 00:00,11-Nov-2015 00:00,252.533002054076,1.34157063644738,121.0,3201.0
11-Nov-2015 00:00,12-Nov-2015 00:00,254.751,1.90547441925167,116.0,4547.7013844393
12-Nov-2015 00:00,13-Nov-2015 00:00,222.471414193625,1.95354098956665,113.0,4985.0
13-Nov-2015 00:00,14-Nov-2015 00:00,119.244585806374,2.00682697222868,116.0,5100.0
14-Nov-2015 00:00,15-Nov-2015 00:00,175.312647934996,1.25198826732374,116.0,2849.76329147337
15-Nov-2015 00:00,16-Nov-2015 00:00,472.726352065004,3.81517234298058,113.0,8060.0
16-Nov-2015 00:00,17-Nov-2015 00:00,166.707,1.39135399387441,124.0,3410.0
17-Nov-2015 00:00,18-Nov-2015 00:00,138.896638611592,1.3311972191612,107.0,3432.28064225686
18-Nov-2015 00:00,19-Nov-2015 00:00,179.381911331341,1.68806455167621,117.0,4011.8772766113
19-Nov-2015 00:00,20-Nov-2015 00:00,192.339189033949,1.12413283133594,110.0,2622.45342908047
20-Nov-2015 00:00,21-Nov-2015 00:00,29.0212610231189,0.677083029156167,103.0,1646.0
21-Nov-2015 00:00,22-Nov-2015 00:00,197.419645334984,1.92495428617028,117.0,4253.0353217078
22-Nov-2015 00:00,23-Nov-2015 00:00,117.463354665016,0.951240693748707,121.0,2175.0
23-Nov-2015 00:00,24-Nov-2015 00:00,140.757,1.05562293537398,116.0,2358.06990190702
24-Nov-2015 00:00,25-Nov-2015 00:00,2.596,0.550484724003023,70.0,1149.0
25-Nov-2015 00:00,26-Nov-2015 00:00,135.675,1.46657378629969,116.0,3473.19195694296
26-Nov-2015 00:00,27-Nov-2015 00:00,22.98,1.24712228203588,129.0,2186.0
27-Nov-2015 00:00,28-Nov-2015 00:00,122.141539989202,1.17980649391267,113.0,2672.0
28-Nov-2015 00:00,29-Nov-2015 00:00,94.6788921366212,0.78485282048794,116.0,1778.0
29-Nov-2015 00:00,30-Nov-2015 00:00,139.189567874177,0.608866080556031,117.0,1459.0
30-Nov-2015 00:00,01-Dec-2015 00:00,8.408,0.842748276345393,84.0,1804.0
01-Dec-2015 00:00,02-Dec-2015 00:00,129.206514898623,1.14044701327845,107.0,2452.0
02-Dec-2015 00:00,03-Dec-2015 00:00,45.4812329240468,3.56180203441705,116.0,7591.17023839985
03-Dec-2015 00:00,04-Dec-2015 00:00,47.8758753443311,0.869206099416829,97.0,1877.84857641384
04-Dec-2015 00:00,05-Dec-2015 00:00,246.517662511648,2.15819255092572,116.0,5009.15142358616
05-Dec-2015 00:00,06-Dec-2015 00:00,273.330714321352,4.51921588765941,124.0,11060.0
06-Dec-2015 00:00,07-Dec-2015 00:00,308.237,2.72278973042473,131.0,6310.46205581979
07-Dec-2015 00:00,08-Dec-2015 00:00,278.794368433888,2.42275406145715,129.0,5508.32450180935
08-Dec-2015 00:00,09-Dec-2015 00:00,285.221631566112,2.13424022261343,131.0,5250.7204323116
09-Dec-2015 00:00,10-Dec-2015 00:00,224.787,1.97347847692723,116.0,4782.37975154876
10-Dec-2015 00:00,11-Dec-2015 00:00,159.284,2.64724106903695,100.0,6220.88461870847
11-Dec-2015 00:00,12-Dec-2015 00:00,237.837,1.76721072643366,103.0,4075.60089012702
12-Dec-2015 00:00,13-Dec-2015 00:00,55.492,2.82291380802242,121.0,6554.18293011609
13-Dec-2015 00:00,14-Dec-2015 00:00,99.976,1.29006007330334,107.0,2769.92802045933
14-Dec-2015 00:00,15-Dec-2015 00:00,283.992,2.61011032435476,126.0,6044.0
15-Dec-2015 00:00,16-Dec-2015 00:00,329.159,2.52200279578639,116.0,6108.0
16-Dec-2015 00:00,17-Dec-2015 00:00,253.686,1.72743265541436,124.0,4249.39313765206
17-Dec-2015 00:00,18-Dec-2015 00:00,84.1875897498157,1.14960453870004,121.0,2452.51928778367
18-Dec-2015 00:00,19-Dec-2015 00:00,164.368000950204,1.33640753040022,124.0,2922.0
19-Dec-2015 00:00,20-Dec-2015 00:00,367.08940929998,1.89837717320291,113.0,4431.0
20-Dec-2015 00:00,21-Dec-2015 00:00,300.475,2.43856815732075,124.0,5750.092659607
21-Dec-2015 00:00,22-Dec-2015 00:00,407.518,3.92897673597047,175.0,8162.46005298635
22-Dec-2015 00:00,23-Dec-2015 00:00,339.175,3.82426770696485,117.0,9394.0
23-Dec-2015 00:00,24-Dec-2015 00:00,291.245828654834,2.25481392898464,137.0,4987.43684665535
24-Dec-2015 00:00,25-Dec-2015 00:00,193.357171345165,1.7403056911537,121.0,3761.59140119119
25-Dec-2015 00:00,26-Dec-2015 00:00,319.003,2.30736531591254,148.0,5144.37739945766
26-Dec-2015 00:00,27-Dec-2015 00:00,276.952117642413,1.86849536199482,107.0,4321.89402409559
27-Dec-2015 00:00,28-Dec-2015 00:00,169.615882357587,1.19945323059524,117.0,2733.25877127099
28-Dec-2015 00:00,29-Dec-2015 00:00,139.303138384291,1.0726170894389,121.0,2320.0652069678
29-Dec-2015 00:00,30-Dec-2015 00:00,479.331946541245,4.79456594626445,153.0,8090.0
30-Dec-2015 00:00,31-Dec-2015 00:00,116.325915074464,1.33636864276298,133.0,2817.89503545915
31-Dec-2015 00:00,01-Jan-2016 00:00,261.390739619326,2.20758716277246,103.0,4979.0
01-Jan-2016 00:00,02-Jan-2016 00:00,783.462880560565,5.56886334120277,198.0,9691.0
02-Jan-2016 00:00,03-Jan-2016 00:00,193.007379820109,2.1937481335626,111.0,5255.99347550195
03-Jan-2016 00:00,04-Jan-2016 00:00,292.873864857334,2.26235968137308,116.0,4980.0
04-Jan-2016 00:00,05-Jan-2016 00:00,96.3157761474607,0.614201926854102,103.0,1381.0
05-Jan-2016 00:00,06-Jan-2016 00:00,93.1023589952057,0.688902377517099,138.0,1576.0
06-Jan-2016 00:00,07-Jan-2016 00:00,127.404,0.999748226998192,131.0,2253.0
07-Jan-2016 00:00,08-Jan-2016 00:00,125.134,0.720795638688889,111.0,1682.0
08-Jan-2016 00:00,09-Jan-2016 00:00,138.762,1.63963890253232,116.0,3838.0
09-Jan-2016 00:00,10-Jan-2016 00:00,332.379913774631,3.50074536840064,117.0,8548.65040003487
10-Jan-2016 00:00,11-Jan-2016 00:00,220.905086225369,1.51931617763652,121.0,3397.37446621358
11-Jan-2016 00:00,12-Jan-2016 00:00,274.404974508857,2.01141897392761,121.0,4474.38658298536
12-Jan-2016 00:00,13-Jan-2016 00:00,167.763025491143,1.04681753026973,111.0,2328.04066203508
13-Jan-2016 00:00,14-Jan-2016 00:00,117.766997402231,0.996598616407484,107.0,2176.0
14-Jan-2016 00:00,15-Jan-2016 00:00,116.541002597769,1.32053204848242,103.0,2859.0
15-Jan-2016 00:00,16-Jan-2016 00:00,140.757,1.53253776653076,121.0,3546.0
16-Jan-2016 00:00,17-Jan-2016 00:00,262.221586974206,2.14191038417308,121.0,4699.0
17-Jan-2016 00:00,18-Jan-2016 00:00,249.330413025794,2.38670574784259,107.0,5876.0
18-Jan-2016 00:00,19-Jan-2016 00:00,38.359,0.830446982306302,116.0,1692.06675608953
19-Jan-2016 00:00,20-Jan-2016 00:00,40.655,0.354774844127871,102.0,769.0
20-Jan-2016 00:00,21-Jan-2016 00:00,0.0,0.625070046304876,0.0,1245.0
21-Jan-2016 00:00,22-Jan-2016 00:00,17.7557661592609,0.914698828097169,138.0,1861.48957146996
22-Jan-2016 00:00,23-Jan-2016 00:00,121.049233840739,0.818709398071989,100.0,1661.51042853004
23-Jan-2016 00:00,24-Jan-2016 00:00,177.648383515132,1.63212946870644,113.0,3652.50893914659
24-Jan-2016 00:00,25-Jan-2016 00:00,134.517616484868,2.99518651535302,133.0,6485.0
25-Jan-2016 00:00,26-Jan-2016 00:00,0.0,0.824626063105717,0.0,1618.0
26-Jan-2016 00:00,27-Jan-2016 00:00,0.0,0.474391487522625,0.0,837.0
27-Jan-2016 00:00,28-Jan-2016 00:00,48.245,1.28640999110029,102.0,2708.97106920527
28-Jan-2016 00:00,29-Jan-2016 00:00,109.532,1.33721652672937,102.0,2914.0
29-Jan-2016 00:00,30-Jan-2016 00:00,7.425,0.884378690870387,92.0,1520.0
30-Jan-2016 00:00,31-Jan-2016 00:00,72.278,1.00713055324294,102.0,2158.38361682351
31-Jan-2016 00:00,01-Feb-2016 00:00,123.378546961326,1.0239452189241,111.0,2164.34802638851
01-Feb-2016 00:00,02-Feb-2016 00:00,54.608,0.360784354568377,124.0,743.0
02-Feb-2016 00:00,03-Feb-2016 00:00,275.59,1.53173216881132,97.0,3306.0
03-Feb-2016 00:00,04-Feb-2016 00:00,197.45094691507,1.95552582130365,107.0,4596.48076905965
04-Feb-2016 00:00,05-Feb-2016 00:00,59.3650530849299,0.984709298496979,97.0,2323.1226975141
05-Feb-2016 00:00,06-Feb-2016 00:00,85.552,0.735956072176242,111.0,1576.65354234533
06-Feb-2016 00:00,07-Feb-2016 00:00,359.18,3.51051650673264,121.0,8125.0
07-Feb-2016 00:00,08-Feb-2016 00:00,160.264668021221,1.90890425192448,138.0,3988.72670261284
08-Feb-2016 00:00,09-Feb-2016 00:00,49.9393319787793,0.779106564439519,97.0,1576.46119937737
09-Feb-2016 00:00,10-Feb-2016 00:00,0.454,0.0518884251304706,0.0,83.0
10-Feb-2016 00:00,11-Feb-2016 00:00,67.515,0.84406191062603,111.0,1863.0
11-Feb-2016 00:00,12-Feb-2016 00:00,0.0,0.427998901330557,0.0,799.0
12-Feb-2016 00:00,13-Feb-2016 00:00,0.0,0.738335450510235,0.0,1702.0
13-Feb-2016 00:00,14-Feb-2016 00:00,219.054,2.40421307267309,116.0,6417.0
14-Feb-2016 00:00,15-Feb-2016 00:00,196.846,3.28656807896164,121.0,7913.0
15-Feb-2016 00:00,16-Feb-2016 00:00,82.927,1.39698522172974,107.0,3278.0
16-Feb-2016 00:00,17-Feb-2016 00:00,107.131869971545,1.17013353459706,100.0,2664.0
17-Feb-2016 00:00,18-Feb-2016 00:00,315.424130028454,2.47048147010062,129.0,5161.80064240455
18-Feb-2016 00:00,19-Feb-2016 00:00,193.772,2.23523149350557,121.0,5138.94387987906
19-Feb-2016 00:00,20-Feb-2016 00:00,91.3489269571864,1.10854262767184,102.0,2525.44737455556
20-Feb-2016 00:00,21-Feb-2016 00:00,139.915073042814,1.48843594961713,111.0,3280.14702414476
21-Feb-2016 00:00,22-Feb-2016 00:00,159.759884452818,1.32061852003455,131.0,3006.0
22-Feb-2016 00:00,23-Feb-2016 00:00,69.6171155471818,0.924726485421816,111.0,1880.43133829972
23-Feb-2016 00:00,24-Feb-2016 00:00,387.93328218764,2.32057716390561,116.0,5618.05736283643
24-Feb-2016 00:00,25-Feb-2016 00:00,202.808947473491,1.92977800465041,107.0,4617.0
25-Feb-2016 00:00,26-Feb-2016 00:00,231.592770338868,2.07357240128148,113.0,4852.0
26-Feb-2016 00:00,27-Feb-2016 00:00,248.404,4.09396833844345,117.0,9562.0
27-Feb-2016 00:00,28-Feb-2016 00:00,365.361,4.74669740344054,111.0,11457.3938973541
28-Feb-2016 00:00,29-Feb-2016 00:00,366.267,4.8621878136745,116.0,11599.3963792268
29-Feb-2016 00:00,01-Mar-2016 00:00,199.636,2.65834530965597,110.0,6254.40045882715
01-Mar-2016 00:00,02-Mar-2016 00:00,450.593999999999,1.8445183459023,153.0,3693.86899560325
02-Mar-2016 00:00,03-Mar-2016 00:00,104.11957331995,1.1386676505588,107.0,2385.0
03-Mar-2016 00:00,04-Mar-2016 00:00,99.7344266800504,1.02519067332143,126.0,2257.56148619324
04-Mar-2016 00:00,05-Mar-2016 00:00,288.469969253606,2.78994560154136,121.0,6414.0
05-Mar-2016 00:00,06-Mar-2016 00:00,28.7250307463944,1.20724617121315,100.0,2429.0
06-Mar-2016 00:00,07-Mar-2016 00:00,322.540236663142,4.40025519915971,117.0,10605.120284687
07-Mar-2016 00:00,08-Mar-2016 00:00,230.097763336858,1.82223209989317,121.0,4383.47628534619
08-Mar-2016 00:00,09-Mar-2016 00:00,261.9,1.93365937448441,117.0,4532.10154470038
09-Mar-2016 00:00,10-Mar-2016 00:00,238.103,3.20806014548724,121.0,7621.32507745406
10-Mar-2016 00:00,11-Mar-2016 00:00,455.02,3.96832764402666,131.0,9208.0
11-Mar-2016 00:00,12-Mar-2016 00:00,387.553001288825,2.42962254339178,126.0,5801.09328276354
12-Mar-2016 00:00,13-Mar-2016 00:00,218.283899499458,2.32765365193258,121.0,5589.23322888874
13-Mar-2016 00:00,14-Mar-2016 00:00,259.24498401368,2.26703793394291,120.0,5148.67348834773
14-Mar-2016 00:00,15-Mar-2016 00:00,0.926115198037091,0.710826541458983,74.0,1656.0
15-Mar-2016 00:00,16-Mar-2016 00:00,481.745999999999,3.14491471132396,144.0,7385.4698432812
16-Mar-2016 00:00,17-Mar-2016 00:00,56.067,0.924993228681204,111.0,2162.715028608
17-Mar-2016 00:00,18-Mar-2016 00:00,0.0,1.62113112906398,0.0,3240.0
18-Mar-2016 00:00,19-Mar-2016 00:00,0.0,0.33409395310712,0.0,634.0
19-Mar-2016 00:00,20-Mar-2016 00:00,1447.162,7.58153731276467,173.0,18105.0
20-Mar-2016 00:00,21-Mar-2016 00:00,13.874,1.1170644145018,110.0,2582.0
21-Mar-2016 00:00,22-Mar-2016 00:00,42.141,0.42807598546791,107.0,886.0
22-Mar-2016 00:00,23-Mar-2016 00:00,39.406,0.684664030037352,107.0,1449.0
23-Mar-2016 00:00,24-Mar-2016 00:00,202.927,2.35372699482979,107.0,5412.0
24-Mar-2016 00:00,25-Mar-2016 00:00,67.6980174442689,1.46189787482206,116.0,3113.0
25-Mar-2016 00:00,26-Mar-2016 00:00,463.767982555731,3.55654070709425,117.0,8208.0
26-Mar-2016 00:00,27-Mar-2016 00:00,329.762167832168,2.87402816281524,117.0,6480.88765518176
27-Mar-2016 00:00,28-Mar-2016 00:00,282.334416104384,1.92729268160057,116.0,4372.0286411081
28-Mar-2016 00:00,29-Mar-2016 00:00,238.002765461039,1.41686250974524,107.0,3342.47828805452
29-Mar-2016 00:00,30-Mar-2016 00:00,80.3344630039108,0.956049107510106,113.0,2183.38045268671
30-Mar-2016 00:00,31-Mar-2016 00:00,78.5695369960892,0.864224825386892,107.0,2053.0
31-Mar-2016 00:00,01-Apr-2016 00:00,119.925,1.83894121809105,103.0,4459.99892573096
01-Apr-2016 00:00,02-Apr-2016 00:00,90.456,0.969006886569477,116.0,2310.0
02-Apr-2016 00:00,03-Apr-2016 00:00,117.0,1.2309831001375,0.0,3298.0
03-Apr-2016 00:00,04-Apr-2016 00:00,140.565906237692,1.52878763887181,107.0,3510.0
04-Apr-2016 00:00,05-Apr-2016 00:00,130.112093762308,1.70709068090787,107.0,3946.0
05-Apr-2016 00:00,06-Apr-2016 00:00,60.007,0.443175278590058,116.0,967.0
06-Apr-2016 00:00,07-Apr-2016 00:00,28.831,0.339677019982474,107.0,836.0
07-Apr-2016 00:00,08-Apr-2016 00:00,105.685,1.13777846842618,104.0,2647.8574433876
08-Apr-2016 00:00,09-Apr-2016 00:00,78.595888042853,1.04391064543723,116.0,2472.0
09-Apr-2016 00:00,10-Apr-2016 00:00,197.267111957147,1.97146153304838,126.0,4640.45755515443
10-Apr-2016 00:00,11-Apr-2016 00:00,61.924,0.566302589978909,102.0,1323.0
11-Apr-2016 00:00,12-Apr-2016 00:00,49.5,0.80452759627765,103.0,1854.0
12-Apr-2016 00:00,13-Apr-2016 00:00,133.078,2.00793151934296,100.0,4809.0
13-Apr-2016 00:00,14-Apr-2016 00:00,53.65,0.808254793406515,103.0,1895.0
14-Apr-2016 00:00,15-Apr-2016 00:00,64.911,0.892710364188476,107.0,2172.0
15-Apr-2016 00:00,16-Apr-2016 00:00,12.211,0.102859413289879,0.0,255.0
16-Apr-2016 00:00,17-Apr-2016 00:00,537.289,7.33090488607109,117.0,17382.8391306032
17-Apr-2016 00:00,18-Apr-2016 00:00,286.175,3.02837833494464,126.0,7016.0
18-Apr-2016 00:00,19-Apr-2016 00:00,41.5385588235294,0.44037638008933,107.0,1064.25220704828
19-Apr-2016 00:00,20-Apr-2016 00:00,35.9859898307149,0.320402334227061,0.0,800.751974051505
20-Apr-2016 00:00,21-Apr-2016 00:00,546.654643282602,6.08257705279718,126.0,14207.3524534236
21-Apr-2016 00:00,22-Apr-2016 00:00,120.532356717398,1.3088266478869,113.0,3220.0
22-Apr-2016 00:00,23-Apr-2016 00:00,214.038925950632,2.59550686519473,116.0,6226.0
23-Apr-2016 00:00,24-Apr-2016 00:00,56.4580740493685,0.660844520489908,97.0,1600.91185312794
24-Apr-2016 00:00,25-Apr-2016 00:00,128.392,2.77570418888542,131.0,6962.0
25-Apr-2016 00:00,26-Apr-2016 00:00,476.708124391261,3.80949952943476,186.0,6871.00317407036
26-Apr-2016 00:00,27-Apr-2016 00:00,40.9918756087386,0.43531532921114,121.0,1014.99682592964
27-Apr-2016 00:00,28-Apr-2016 00:00,500.353,4.30275710508234,197.0,7861.07413278944
28-Apr-2016 00:00,29-Apr-2016 00:00,174.42496299608,1.59878710411924,110.0,3652.0
29-Apr-2016 00:00,30-Apr-2016 00:00,183.321648371925,1.83944972130645,106.0,4214.49002714276
30-Apr-2016 00:00,01-May-2016 00:00,202.530388631996,1.86510648206142,103.0,4242.0180949841
01-May-2016 00:00,02-May-2016 00:00,313.484,3.19382418447506,129.0,7944.76605533861
02-May-2016 00:00,03-May-2016 00:00,21.23,0.135695752921968,116.0,320.0
